inst#,actual,predicted,error,prediction
1,2:tested_positive,2:tested_positive,,0.722
2,1:tested_negative,1:tested_negative,,0.951
3,2:tested_positive,2:tested_positive,,0.797
4,1:tested_negative,1:tested_negative,,0.958
5,2:tested_positive,2:tested_positive,,0.902
6,1:tested_negative,1:tested_negative,,0.853
7,2:tested_positive,1:tested_negative,+,0.933
8,1:tested_negative,2:tested_positive,+,0.645
9,2:tested_positive,2:tested_positive,,0.709
10,2:tested_positive,1:tested_negative,+,0.964
11,1:tested_negative,1:tested_negative,,0.78
12,2:tested_positive,2:tested_positive,,0.898
13,1:tested_negative,2:tested_positive,+,0.784
14,2:tested_positive,2:tested_positive,,0.629
15,2:tested_positive,2:tested_positive,,0.628
16,2:tested_positive,1:tested_negative,+,0.599
17,2:tested_positive,1:tested_negative,+,0.629
18,2:tested_positive,1:tested_negative,+,0.803
19,1:tested_negative,1:tested_negative,,0.642
20,2:tested_positive,1:tested_negative,+,0.766
21,1:tested_negative,1:tested_negative,,0.608
22,1:tested_negative,1:tested_negative,,0.683
23,2:tested_positive,2:tested_positive,,0.94
24,2:tested_positive,1:tested_negative,+,0.705
25,2:tested_positive,2:tested_positive,,0.702
26,2:tested_positive,1:tested_negative,+,0.559
27,2:tested_positive,2:tested_positive,,0.737
28,1:tested_negative,1:tested_negative,,0.954
29,1:tested_negative,2:tested_positive,+,0.539
30,1:tested_negative,1:tested_negative,,0.722
31,1:tested_negative,1:tested_negative,,0.574
32,2:tested_positive,2:tested_positive,,0.573
33,1:tested_negative,1:tested_negative,,0.951
34,1:tested_negative,1:tested_negative,,0.964
35,1:tested_negative,1:tested_negative,,0.568
36,1:tested_negative,1:tested_negative,,0.851
37,1:tested_negative,2:tested_positive,+,0.665
38,2:tested_positive,1:tested_negative,+,0.607
39,2:tested_positive,1:tested_negative,+,0.828
40,2:tested_positive,2:tested_positive,,0.572
41,1:tested_negative,2:tested_positive,+,0.744
42,1:tested_negative,2:tested_positive,+,0.697
43,1:tested_negative,1:tested_negative,,0.886
44,2:tested_positive,2:tested_positive,,0.927
45,1:tested_negative,2:tested_positive,+,0.629
46,2:tested_positive,2:tested_positive,,0.953
47,1:tested_negative,1:tested_negative,,0.566
48,1:tested_negative,1:tested_negative,,0.96
49,2:tested_positive,1:tested_negative,+,0.619
50,1:tested_negative,1:tested_negative,,0.961
51,1:tested_negative,1:tested_negative,,0.964
52,1:tested_negative,1:tested_negative,,0.915
53,1:tested_negative,1:tested_negative,,0.933
54,2:tested_positive,2:tested_positive,,0.827
55,1:tested_negative,2:tested_positive,+,0.709
56,1:tested_negative,1:tested_negative,,0.977
57,2:tested_positive,2:tested_positive,,0.883
58,1:tested_negative,1:tested_negative,,0.642
59,1:tested_negative,2:tested_positive,+,0.833
60,1:tested_negative,1:tested_negative,,0.817
61,1:tested_negative,1:tested_negative,,0.99
62,2:tested_positive,2:tested_positive,,0.522
63,1:tested_negative,1:tested_negative,,0.977
64,1:tested_negative,1:tested_negative,,0.691
65,2:tested_positive,1:tested_negative,+,0.646
66,1:tested_negative,1:tested_negative,,0.881
67,2:tested_positive,1:tested_negative,+,0.808
68,1:tested_negative,1:tested_negative,,0.529
69,1:tested_negative,1:tested_negative,,0.968
70,1:tested_negative,1:tested_negative,,0.698
71,2:tested_positive,1:tested_negative,+,0.806
72,1:tested_negative,1:tested_negative,,0.636
73,2:tested_positive,2:tested_positive,,0.817
74,1:tested_negative,1:tested_negative,,0.754
75,1:tested_negative,1:tested_negative,,0.948
76,1:tested_negative,1:tested_negative,,0.998
77,1:tested_negative,1:tested_negative,,0.924
78,1:tested_negative,1:tested_negative,,0.778
79,2:tested_positive,2:tested_positive,,0.672
80,1:tested_negative,1:tested_negative,,0.9
81,1:tested_negative,1:tested_negative,,0.898
82,1:tested_negative,1:tested_negative,,0.994
83,1:tested_negative,1:tested_negative,,0.863
84,1:tested_negative,1:tested_negative,,0.95
85,2:tested_positive,2:tested_positive,,0.676
86,1:tested_negative,1:tested_negative,,0.808
87,1:tested_negative,2:tested_positive,+,0.53
88,1:tested_negative,1:tested_negative,,0.813
89,2:tested_positive,2:tested_positive,,0.785
90,1:tested_negative,1:tested_negative,,0.926
91,1:tested_negative,1:tested_negative,,0.981
92,1:tested_negative,1:tested_negative,,0.742
93,1:tested_negative,1:tested_negative,,0.669
94,2:tested_positive,1:tested_negative,+,0.704
95,1:tested_negative,1:tested_negative,,0.745
96,1:tested_negative,2:tested_positive,+,0.516
97,1:tested_negative,1:tested_negative,,0.918
98,1:tested_negative,1:tested_negative,,0.983
99,1:tested_negative,1:tested_negative,,0.866
100,2:tested_positive,1:tested_negative,+,0.548
101,2:tested_positive,2:tested_positive,,0.837
102,1:tested_negative,1:tested_negative,,0.717
103,1:tested_negative,1:tested_negative,,0.937
104,1:tested_negative,1:tested_negative,,0.968
105,1:tested_negative,1:tested_negative,,0.769
106,1:tested_negative,1:tested_negative,,0.753
107,1:tested_negative,1:tested_negative,,0.981
108,1:tested_negative,1:tested_negative,,0.575
109,1:tested_negative,1:tested_negative,,0.893
110,2:tested_positive,1:tested_negative,+,0.907
111,2:tested_positive,2:tested_positive,,0.602
112,2:tested_positive,2:tested_positive,,0.707
113,1:tested_negative,1:tested_negative,,0.946
114,1:tested_negative,1:tested_negative,,0.907
115,2:tested_positive,2:tested_positive,,0.741
116,2:tested_positive,2:tested_positive,,0.553
117,2:tested_positive,1:tested_negative,+,0.643
118,1:tested_negative,1:tested_negative,,0.842
119,1:tested_negative,1:tested_negative,,0.882
120,1:tested_negative,1:tested_negative,,0.947
121,2:tested_positive,2:tested_positive,,0.887
122,1:tested_negative,1:tested_negative,,0.715
123,1:tested_negative,1:tested_negative,,0.851
124,1:tested_negative,1:tested_negative,,0.647
125,2:tested_positive,1:tested_negative,+,0.864
126,2:tested_positive,2:tested_positive,,0.528
127,1:tested_negative,1:tested_negative,,0.542
128,1:tested_negative,1:tested_negative,,0.805
129,2:tested_positive,1:tested_negative,+,0.806
130,2:tested_positive,1:tested_negative,+,0.846
131,2:tested_positive,2:tested_positive,,0.633
132,2:tested_positive,2:tested_positive,,0.686
133,2:tested_positive,2:tested_positive,,0.673
134,1:tested_negative,1:tested_negative,,0.728
135,1:tested_negative,1:tested_negative,,0.945
136,1:tested_negative,1:tested_negative,,0.758
137,1:tested_negative,1:tested_negative,,0.902
138,1:tested_negative,1:tested_negative,,0.932
139,1:tested_negative,1:tested_negative,,0.738
140,1:tested_negative,1:tested_negative,,0.824
141,1:tested_negative,1:tested_negative,,0.833
142,1:tested_negative,1:tested_negative,,0.68
143,1:tested_negative,1:tested_negative,,0.828
144,2:tested_positive,1:tested_negative,+,0.614
145,1:tested_negative,1:tested_negative,,0.533
146,1:tested_negative,1:tested_negative,,0.993
147,1:tested_negative,1:tested_negative,,0.936
148,1:tested_negative,1:tested_negative,,0.698
149,1:tested_negative,2:tested_positive,+,0.632
150,1:tested_negative,1:tested_negative,,0.955
151,1:tested_negative,1:tested_negative,,0.647
152,1:tested_negative,1:tested_negative,,0.863
153,2:tested_positive,2:tested_positive,,0.846
154,1:tested_negative,2:tested_positive,+,0.522
155,2:tested_positive,2:tested_positive,,0.962
156,2:tested_positive,2:tested_positive,,0.881
157,1:tested_negative,1:tested_negative,,0.913
158,1:tested_negative,1:tested_negative,,0.876
159,1:tested_negative,1:tested_negative,,0.95
160,2:tested_positive,2:tested_positive,,0.97
161,1:tested_negative,1:tested_negative,,0.574
162,1:tested_negative,1:tested_negative,,0.699
163,1:tested_negative,1:tested_negative,,0.778
164,1:tested_negative,1:tested_negative,,0.896
165,2:tested_positive,1:tested_negative,+,0.722
166,2:tested_positive,1:tested_negative,+,0.767
167,1:tested_negative,1:tested_negative,,0.552
168,1:tested_negative,1:tested_negative,,0.683
169,1:tested_negative,1:tested_negative,,0.766
170,1:tested_negative,1:tested_negative,,0.877
171,2:tested_positive,1:tested_negative,+,0.846
172,2:tested_positive,2:tested_positive,,0.523
173,1:tested_negative,1:tested_negative,,0.801
174,1:tested_negative,1:tested_negative,,0.81
175,1:tested_negative,1:tested_negative,,0.949
176,2:tested_positive,2:tested_positive,,0.874
177,1:tested_negative,1:tested_negative,,0.873
178,2:tested_positive,2:tested_positive,,0.777
179,1:tested_negative,2:tested_positive,+,0.754
180,2:tested_positive,2:tested_positive,,0.658
181,1:tested_negative,1:tested_negative,,0.954
182,1:tested_negative,1:tested_negative,,0.733
183,1:tested_negative,1:tested_negative,,0.998
184,1:tested_negative,1:tested_negative,,0.951
185,1:tested_negative,1:tested_negative,,0.654
186,2:tested_positive,2:tested_positive,,0.949
187,2:tested_positive,2:tested_positive,,0.839
188,2:tested_positive,1:tested_negative,+,0.627
189,2:tested_positive,1:tested_negative,+,0.758
190,2:tested_positive,1:tested_negative,+,0.642
191,1:tested_negative,1:tested_negative,,0.923
192,1:tested_negative,1:tested_negative,,0.517
193,2:tested_positive,2:tested_positive,,0.689
194,2:tested_positive,2:tested_positive,,0.972
195,1:tested_negative,1:tested_negative,,0.901
196,2:tested_positive,2:tested_positive,,0.682
197,1:tested_negative,1:tested_negative,,0.937
198,2:tested_positive,1:tested_negative,+,0.892
199,2:tested_positive,1:tested_negative,+,0.659
200,2:tested_positive,1:tested_negative,+,0.628
201,1:tested_negative,1:tested_negative,,0.827
202,1:tested_negative,1:tested_negative,,0.57
203,1:tested_negative,1:tested_negative,,0.862
204,1:tested_negative,1:tested_negative,,0.961
205,1:tested_negative,1:tested_negative,,0.669
206,1:tested_negative,1:tested_negative,,0.869
207,2:tested_positive,2:tested_positive,,0.949
208,2:tested_positive,2:tested_positive,,0.695
209,1:tested_negative,1:tested_negative,,0.907
210,2:tested_positive,2:tested_positive,,0.877
211,1:tested_negative,1:tested_negative,,0.951
212,1:tested_negative,2:tested_positive,+,0.554
213,1:tested_negative,2:tested_positive,+,0.835
214,2:tested_positive,2:tested_positive,,0.525
215,2:tested_positive,1:tested_negative,+,0.687
216,2:tested_positive,2:tested_positive,,0.898
217,2:tested_positive,1:tested_negative,+,0.698
218,1:tested_negative,1:tested_negative,,0.667
219,2:tested_positive,1:tested_negative,+,0.823
220,2:tested_positive,1:tested_negative,+,0.618
221,2:tested_positive,2:tested_positive,,0.711
222,2:tested_positive,2:tested_positive,,0.685
223,1:tested_negative,1:tested_negative,,0.587
224,1:tested_negative,2:tested_positive,+,0.643
225,1:tested_negative,1:tested_negative,,0.929
226,1:tested_negative,1:tested_negative,,0.94
227,1:tested_negative,1:tested_negative,,0.89
228,2:tested_positive,2:tested_positive,,0.786
229,1:tested_negative,2:tested_positive,+,0.96
230,1:tested_negative,1:tested_negative,,0.712
231,2:tested_positive,2:tested_positive,,0.695
232,2:tested_positive,2:tested_positive,,0.65
233,1:tested_negative,1:tested_negative,,0.969
234,1:tested_negative,1:tested_negative,,0.642
235,1:tested_negative,1:tested_negative,,0.956
236,2:tested_positive,2:tested_positive,,0.869
237,2:tested_positive,2:tested_positive,,0.883
238,2:tested_positive,2:tested_positive,,0.84
239,2:tested_positive,2:tested_positive,,0.801
240,1:tested_negative,1:tested_negative,,0.959
241,1:tested_negative,1:tested_negative,,0.943
242,1:tested_negative,1:tested_negative,,0.882
243,2:tested_positive,1:tested_negative,+,0.703
244,2:tested_positive,1:tested_negative,+,0.544
245,1:tested_negative,1:tested_negative,,0.519
246,2:tested_positive,2:tested_positive,,0.932
247,1:tested_negative,1:tested_negative,,0.534
248,1:tested_negative,2:tested_positive,+,0.7
249,1:tested_negative,1:tested_negative,,0.593
250,1:tested_negative,1:tested_negative,,0.912
251,1:tested_negative,1:tested_negative,,0.617
252,1:tested_negative,1:tested_negative,,0.826
253,1:tested_negative,1:tested_negative,,0.966
254,1:tested_negative,1:tested_negative,,0.921
255,2:tested_positive,1:tested_negative,+,0.693
256,2:tested_positive,1:tested_negative,+,0.785
257,1:tested_negative,1:tested_negative,,0.765
258,1:tested_negative,1:tested_negative,,0.882
259,1:tested_negative,2:tested_positive,+,0.669
260,2:tested_positive,2:tested_positive,,0.905
261,1:tested_negative,2:tested_positive,+,0.767
262,2:tested_positive,2:tested_positive,,0.676
263,1:tested_negative,1:tested_negative,,0.841
264,1:tested_negative,1:tested_negative,,0.516
265,2:tested_positive,1:tested_negative,+,0.691
266,1:tested_negative,1:tested_negative,,0.705
267,2:tested_positive,2:tested_positive,,0.723
268,1:tested_negative,2:tested_positive,+,0.623
269,1:tested_negative,1:tested_negative,,0.946
270,2:tested_positive,2:tested_positive,,0.521
271,2:tested_positive,2:tested_positive,,0.729
272,1:tested_negative,1:tested_negative,,0.927
273,1:tested_negative,1:tested_negative,,0.868
274,1:tested_negative,1:tested_negative,,0.959
275,1:tested_negative,2:tested_positive,+,0.518
276,1:tested_negative,1:tested_negative,,0.724
277,2:tested_positive,1:tested_negative,+,0.819
278,1:tested_negative,1:tested_negative,,0.921
279,1:tested_negative,1:tested_negative,,0.727
280,1:tested_negative,1:tested_negative,,0.889
281,2:tested_positive,1:tested_negative,+,0.517
282,1:tested_negative,2:tested_positive,+,0.572
283,1:tested_negative,1:tested_negative,,0.624
284,2:tested_positive,2:tested_positive,,0.636
285,2:tested_positive,1:tested_negative,+,0.879
286,1:tested_negative,1:tested_negative,,0.547
287,1:tested_negative,2:tested_positive,+,0.619
288,2:tested_positive,1:tested_negative,+,0.548
289,1:tested_negative,1:tested_negative,,0.94
290,1:tested_negative,1:tested_negative,,0.738
291,1:tested_negative,1:tested_negative,,0.944
292,2:tested_positive,1:tested_negative,+,0.762
293,2:tested_positive,2:tested_positive,,0.649
294,2:tested_positive,1:tested_negative,+,0.513
295,1:tested_negative,1:tested_negative,,0.559
296,1:tested_negative,2:tested_positive,+,0.721
297,2:tested_positive,1:tested_negative,+,0.75
298,1:tested_negative,1:tested_negative,,0.849
299,2:tested_positive,1:tested_negative,+,0.512
300,1:tested_negative,1:tested_negative,,0.66
301,2:tested_positive,2:tested_positive,,0.833
302,2:tested_positive,1:tested_negative,+,0.599
303,1:tested_negative,1:tested_negative,,0.91
304,2:tested_positive,2:tested_positive,,0.577
305,1:tested_negative,1:tested_negative,,0.758
306,1:tested_negative,1:tested_negative,,0.702
307,2:tested_positive,2:tested_positive,,0.676
308,1:tested_negative,1:tested_negative,,0.879
309,2:tested_positive,1:tested_negative,+,0.643
310,2:tested_positive,1:tested_negative,+,0.669
311,1:tested_negative,1:tested_negative,,0.921
312,1:tested_negative,1:tested_negative,,0.791
313,2:tested_positive,1:tested_negative,+,0.645
314,1:tested_negative,1:tested_negative,,0.771
315,2:tested_positive,2:tested_positive,,0.543
316,1:tested_negative,1:tested_negative,,0.814
317,1:tested_negative,1:tested_negative,,0.962
318,2:tested_positive,2:tested_positive,,0.706
319,1:tested_negative,1:tested_negative,,0.738
320,2:tested_positive,2:tested_positive,,0.773
321,1:tested_negative,1:tested_negative,,0.734
322,2:tested_positive,1:tested_negative,+,0.842
323,2:tested_positive,1:tested_negative,+,0.849
324,2:tested_positive,2:tested_positive,,0.744
325,1:tested_negative,1:tested_negative,,0.824
326,1:tested_negative,1:tested_negative,,0.757
327,2:tested_positive,1:tested_negative,+,0.681
328,1:tested_negative,2:tested_positive,+,0.889
329,2:tested_positive,1:tested_negative,+,0.785
330,1:tested_negative,1:tested_negative,,0.823
331,1:tested_negative,1:tested_negative,,0.516
332,1:tested_negative,1:tested_negative,,0.921
333,2:tested_positive,2:tested_positive,,0.943
334,1:tested_negative,1:tested_negative,,0.796
335,1:tested_negative,1:tested_negative,,0.956
336,1:tested_negative,2:tested_positive,+,0.738
337,1:tested_negative,2:tested_positive,+,0.569
338,2:tested_positive,1:tested_negative,+,0.727
339,2:tested_positive,2:tested_positive,,0.774
340,2:tested_positive,2:tested_positive,,0.891
341,1:tested_negative,1:tested_negative,,0.84
342,1:tested_negative,1:tested_negative,,0.924
343,1:tested_negative,1:tested_negative,,0.996
344,1:tested_negative,1:tested_negative,,0.682
345,1:tested_negative,1:tested_negative,,0.606
346,1:tested_negative,2:tested_positive,+,0.561
347,1:tested_negative,1:tested_negative,,0.639
348,1:tested_negative,1:tested_negative,,0.791
349,1:tested_negative,1:tested_negative,,0.945
350,2:tested_positive,1:tested_negative,+,0.986
351,1:tested_negative,1:tested_negative,,0.786
352,1:tested_negative,1:tested_negative,,0.674
353,1:tested_negative,1:tested_negative,,0.951
354,1:tested_negative,1:tested_negative,,0.933
355,1:tested_negative,1:tested_negative,,0.775
356,2:tested_positive,2:tested_positive,,0.746
357,2:tested_positive,1:tested_negative,+,0.602
358,2:tested_positive,2:tested_positive,,0.926
359,1:tested_negative,1:tested_negative,,0.65
360,2:tested_positive,2:tested_positive,,0.865
361,2:tested_positive,2:tested_positive,,0.805
362,1:tested_negative,2:tested_positive,+,0.655
363,1:tested_negative,1:tested_negative,,0.692
364,2:tested_positive,2:tested_positive,,0.755
365,1:tested_negative,1:tested_negative,,0.53
366,1:tested_negative,1:tested_negative,,0.758
367,2:tested_positive,1:tested_negative,+,0.733
368,1:tested_negative,1:tested_negative,,0.963
369,1:tested_negative,1:tested_negative,,0.965
370,2:tested_positive,1:tested_negative,+,0.782
371,2:tested_positive,2:tested_positive,,0.906
372,1:tested_negative,1:tested_negative,,0.963
373,1:tested_negative,1:tested_negative,,0.911
374,1:tested_negative,1:tested_negative,,0.833
375,1:tested_negative,1:tested_negative,,0.571
376,2:tested_positive,2:tested_positive,,0.806
377,1:tested_negative,1:tested_negative,,0.963
378,1:tested_negative,1:tested_negative,,0.875
379,2:tested_positive,2:tested_positive,,0.833
380,1:tested_negative,1:tested_negative,,0.759
381,1:tested_negative,1:tested_negative,,0.84
382,1:tested_negative,1:tested_negative,,0.963
383,1:tested_negative,1:tested_negative,,0.878
384,1:tested_negative,1:tested_negative,,0.898
385,1:tested_negative,1:tested_negative,,0.898
386,1:tested_negative,1:tested_negative,,0.91
387,2:tested_positive,1:tested_negative,+,0.653
388,2:tested_positive,1:tested_negative,+,0.563
389,2:tested_positive,2:tested_positive,,0.505
390,1:tested_negative,1:tested_negative,,0.795
391,1:tested_negative,1:tested_negative,,0.875
392,2:tested_positive,2:tested_positive,,0.865
393,1:tested_negative,1:tested_negative,,0.901
394,1:tested_negative,1:tested_negative,,0.872
395,2:tested_positive,2:tested_positive,,0.685
396,1:tested_negative,1:tested_negative,,0.601
397,1:tested_negative,1:tested_negative,,0.862
398,2:tested_positive,1:tested_negative,+,0.743
399,1:tested_negative,1:tested_negative,,0.969
400,2:tested_positive,2:tested_positive,,0.828
401,2:tested_positive,1:tested_negative,+,0.874
402,1:tested_negative,1:tested_negative,,0.629
403,2:tested_positive,1:tested_negative,+,0.568
404,1:tested_negative,1:tested_negative,,0.893
405,2:tested_positive,2:tested_positive,,0.722
406,1:tested_negative,2:tested_positive,+,0.502
407,2:tested_positive,1:tested_negative,+,0.767
408,1:tested_negative,1:tested_negative,,0.954
409,2:tested_positive,2:tested_positive,,0.928
410,2:tested_positive,2:tested_positive,,0.748
411,1:tested_negative,1:tested_negative,,0.73
412,1:tested_negative,1:tested_negative,,0.823
413,1:tested_negative,2:tested_positive,+,0.604
414,1:tested_negative,1:tested_negative,,0.801
415,2:tested_positive,1:tested_negative,+,0.647
416,2:tested_positive,2:tested_positive,,0.54
417,1:tested_negative,1:tested_negative,,0.877
418,2:tested_positive,2:tested_positive,,0.648
419,1:tested_negative,1:tested_negative,,0.974
420,2:tested_positive,1:tested_negative,+,0.814
421,1:tested_negative,1:tested_negative,,0.626
422,1:tested_negative,1:tested_negative,,0.935
423,1:tested_negative,1:tested_negative,,0.788
424,1:tested_negative,1:tested_negative,,0.814
425,2:tested_positive,2:tested_positive,,0.817
426,2:tested_positive,2:tested_positive,,0.776
427,1:tested_negative,1:tested_negative,,0.989
428,2:tested_positive,2:tested_positive,,0.725
429,1:tested_negative,1:tested_negative,,0.68
430,2:tested_positive,1:tested_negative,+,0.903
431,1:tested_negative,1:tested_negative,,0.904
432,1:tested_negative,1:tested_negative,,0.897
433,1:tested_negative,1:tested_negative,,0.953
434,1:tested_negative,1:tested_negative,,0.799
435,1:tested_negative,1:tested_negative,,0.901
436,2:tested_positive,2:tested_positive,,0.727
437,1:tested_negative,2:tested_positive,+,0.747
438,1:tested_negative,1:tested_negative,,0.527
439,1:tested_negative,1:tested_negative,,0.976
440,1:tested_negative,1:tested_negative,,0.651
441,2:tested_positive,2:tested_positive,,0.725
442,1:tested_negative,1:tested_negative,,0.923
443,1:tested_negative,1:tested_negative,,0.773
444,2:tested_positive,1:tested_negative,+,0.604
445,2:tested_positive,1:tested_negative,+,0.759
446,2:tested_positive,2:tested_positive,,0.993
447,1:tested_negative,1:tested_negative,,0.923
448,1:tested_negative,1:tested_negative,,0.904
449,2:tested_positive,1:tested_negative,+,0.862
450,1:tested_negative,1:tested_negative,,0.863
451,1:tested_negative,1:tested_negative,,0.976
452,2:tested_positive,1:tested_negative,+,0.717
453,1:tested_negative,1:tested_negative,,0.884
454,1:tested_negative,1:tested_negative,,0.589
455,1:tested_negative,1:tested_negative,,0.777
456,2:tested_positive,2:tested_positive,,0.92
457,1:tested_negative,1:tested_negative,,0.571
458,1:tested_negative,1:tested_negative,,0.911
459,2:tested_positive,2:tested_positive,,0.851
460,1:tested_negative,2:tested_positive,+,0.585
461,1:tested_negative,1:tested_negative,,0.693
462,1:tested_negative,1:tested_negative,,0.98
463,1:tested_negative,1:tested_negative,,0.797
464,1:tested_negative,1:tested_negative,,0.92
465,1:tested_negative,1:tested_negative,,0.692
466,1:tested_negative,1:tested_negative,,0.901
467,1:tested_negative,1:tested_negative,,0.969
468,1:tested_negative,1:tested_negative,,0.846
469,2:tested_positive,2:tested_positive,,0.557
470,1:tested_negative,2:tested_positive,+,0.839
471,1:tested_negative,2:tested_positive,+,0.601
472,1:tested_negative,1:tested_negative,,0.737
473,1:tested_negative,1:tested_negative,,0.737
474,1:tested_negative,1:tested_negative,,0.582
475,1:tested_negative,1:tested_negative,,0.844
476,1:tested_negative,1:tested_negative,,0.758
477,2:tested_positive,1:tested_negative,+,0.832
478,1:tested_negative,1:tested_negative,,0.836
479,1:tested_negative,1:tested_negative,,0.728
480,1:tested_negative,1:tested_negative,,0.634
481,2:tested_positive,2:tested_positive,,0.562
482,1:tested_negative,1:tested_negative,,0.81
483,1:tested_negative,1:tested_negative,,0.927
484,1:tested_negative,1:tested_negative,,0.936
485,2:tested_positive,2:tested_positive,,0.848
486,2:tested_positive,1:tested_negative,+,0.584
487,1:tested_negative,1:tested_negative,,0.573
488,1:tested_negative,2:tested_positive,+,0.922
489,1:tested_negative,1:tested_negative,,0.916
490,1:tested_negative,2:tested_positive,+,0.9
491,1:tested_negative,1:tested_negative,,0.871
492,1:tested_negative,1:tested_negative,,0.909
493,1:tested_negative,1:tested_negative,,0.851
494,2:tested_positive,1:tested_negative,+,0.559
495,1:tested_negative,1:tested_negative,,0.991
496,1:tested_negative,2:tested_positive,+,0.699
497,1:tested_negative,1:tested_negative,,0.855
498,1:tested_negative,1:tested_negative,,0.94
499,2:tested_positive,2:tested_positive,,0.811
500,1:tested_negative,2:tested_positive,+,0.636
501,1:tested_negative,1:tested_negative,,0.92
502,1:tested_negative,1:tested_negative,,0.882
503,2:tested_positive,1:tested_negative,+,0.977
504,1:tested_negative,1:tested_negative,,0.705
505,1:tested_negative,1:tested_negative,,0.819
506,1:tested_negative,1:tested_negative,,0.861
507,2:tested_positive,2:tested_positive,,0.674
508,1:tested_negative,1:tested_negative,,0.762
509,1:tested_negative,1:tested_negative,,0.88
510,1:tested_negative,1:tested_negative,,0.658
511,2:tested_positive,1:tested_negative,+,0.783
512,1:tested_negative,1:tested_negative,,0.89
513,1:tested_negative,1:tested_negative,,0.855
514,1:tested_negative,1:tested_negative,,0.925
515,1:tested_negative,1:tested_negative,,0.928
516,2:tested_positive,2:tested_positive,,0.539
517,2:tested_positive,2:tested_positive,,0.666
518,1:tested_negative,2:tested_positive,+,0.532
519,1:tested_negative,1:tested_negative,,0.77
520,1:tested_negative,1:tested_negative,,0.819
521,1:tested_negative,1:tested_negative,,0.981
522,1:tested_negative,1:tested_negative,,0.772
523,1:tested_negative,1:tested_negative,,0.957
524,2:tested_positive,2:tested_positive,,0.668
525,1:tested_negative,1:tested_negative,,0.746
526,1:tested_negative,1:tested_negative,,0.956
527,1:tested_negative,1:tested_negative,,0.973
528,1:tested_negative,1:tested_negative,,0.904
529,1:tested_negative,1:tested_negative,,0.86
530,1:tested_negative,1:tested_negative,,0.888
531,1:tested_negative,1:tested_negative,,0.751
532,1:tested_negative,1:tested_negative,,0.642
533,1:tested_negative,1:tested_negative,,0.765
534,1:tested_negative,1:tested_negative,,0.702
535,1:tested_negative,1:tested_negative,,0.863
536,2:tested_positive,2:tested_positive,,0.576
537,1:tested_negative,1:tested_negative,,0.916
538,1:tested_negative,1:tested_negative,,0.972
539,1:tested_negative,1:tested_negative,,0.705
540,2:tested_positive,1:tested_negative,+,0.555
541,2:tested_positive,1:tested_negative,+,0.579
542,2:tested_positive,1:tested_negative,+,0.706
543,2:tested_positive,1:tested_negative,+,0.593
544,1:tested_negative,1:tested_negative,,0.895
545,1:tested_negative,1:tested_negative,,0.934
546,2:tested_positive,2:tested_positive,,0.848
547,2:tested_positive,2:tested_positive,,0.962
548,1:tested_negative,1:tested_negative,,0.702
549,1:tested_negative,2:tested_positive,+,0.587
550,1:tested_negative,2:tested_positive,+,0.739
551,1:tested_negative,1:tested_negative,,0.896
552,1:tested_negative,1:tested_negative,,0.909
553,1:tested_negative,1:tested_negative,,0.754
554,1:tested_negative,1:tested_negative,,0.933
555,1:tested_negative,1:tested_negative,,0.894
556,1:tested_negative,1:tested_negative,,0.796
557,1:tested_negative,1:tested_negative,,0.846
558,1:tested_negative,1:tested_negative,,0.727
559,1:tested_negative,2:tested_positive,+,0.641
560,1:tested_negative,1:tested_negative,,0.824
561,2:tested_positive,1:tested_negative,+,0.582
562,2:tested_positive,2:tested_positive,,0.877
563,1:tested_negative,1:tested_negative,,0.89
564,1:tested_negative,1:tested_negative,,0.842
565,1:tested_negative,1:tested_negative,,0.916
566,1:tested_negative,1:tested_negative,,0.905
567,1:tested_negative,1:tested_negative,,0.832
568,1:tested_negative,1:tested_negative,,0.852
569,1:tested_negative,2:tested_positive,+,0.523
570,2:tested_positive,1:tested_negative,+,0.809
571,1:tested_negative,1:tested_negative,,0.922
572,1:tested_negative,1:tested_negative,,0.906
573,1:tested_negative,1:tested_negative,,0.826
574,1:tested_negative,1:tested_negative,,0.882
575,1:tested_negative,1:tested_negative,,0.708
576,1:tested_negative,1:tested_negative,,0.712
577,1:tested_negative,1:tested_negative,,0.76
578,2:tested_positive,1:tested_negative,+,0.564
579,1:tested_negative,1:tested_negative,,0.553
580,2:tested_positive,2:tested_positive,,0.923
581,2:tested_positive,2:tested_positive,,0.544
582,1:tested_negative,1:tested_negative,,0.855
583,1:tested_negative,1:tested_negative,,0.539
584,1:tested_negative,1:tested_negative,,0.654
585,2:tested_positive,1:tested_negative,+,0.684
586,1:tested_negative,1:tested_negative,,0.953
587,2:tested_positive,2:tested_positive,,0.644
588,1:tested_negative,1:tested_negative,,0.888
589,2:tested_positive,2:tested_positive,,0.844
590,1:tested_negative,1:tested_negative,,0.963
591,2:tested_positive,2:tested_positive,,0.818
592,1:tested_negative,1:tested_negative,,0.792
593,2:tested_positive,1:tested_negative,+,0.584
594,1:tested_negative,1:tested_negative,,0.826
595,1:tested_negative,1:tested_negative,,0.582
596,2:tested_positive,2:tested_positive,,0.678
597,1:tested_negative,1:tested_negative,,0.894
598,1:tested_negative,1:tested_negative,,0.896
599,2:tested_positive,2:tested_positive,,0.683
600,1:tested_negative,1:tested_negative,,0.904
601,1:tested_negative,1:tested_negative,,0.922
602,1:tested_negative,1:tested_negative,,0.828
603,1:tested_negative,1:tested_negative,,0.864
604,2:tested_positive,2:tested_positive,,0.764
605,2:tested_positive,2:tested_positive,,0.859
606,1:tested_negative,1:tested_negative,,0.666
607,2:tested_positive,2:tested_positive,,0.861
608,1:tested_negative,1:tested_negative,,0.965
609,1:tested_negative,1:tested_negative,,0.518
610,1:tested_negative,1:tested_negative,,0.942
611,1:tested_negative,1:tested_negative,,0.858
612,2:tested_positive,2:tested_positive,,0.758
613,2:tested_positive,2:tested_positive,,0.833
614,1:tested_negative,1:tested_negative,,0.708
615,2:tested_positive,2:tested_positive,,0.763
616,1:tested_negative,1:tested_negative,,0.913
617,1:tested_negative,1:tested_negative,,0.84
618,1:tested_negative,1:tested_negative,,0.985
619,2:tested_positive,2:tested_positive,,0.513
620,2:tested_positive,1:tested_negative,+,0.695
621,1:tested_negative,1:tested_negative,,0.808
622,1:tested_negative,1:tested_negative,,0.849
623,1:tested_negative,2:tested_positive,+,0.962
624,1:tested_negative,1:tested_negative,,0.833
625,1:tested_negative,1:tested_negative,,0.879
626,1:tested_negative,1:tested_negative,,0.858
627,1:tested_negative,1:tested_negative,,0.899
628,1:tested_negative,1:tested_negative,,0.77
629,1:tested_negative,1:tested_negative,,0.609
630,1:tested_negative,1:tested_negative,,0.942
631,2:tested_positive,1:tested_negative,+,0.675
632,1:tested_negative,1:tested_negative,,0.906
633,1:tested_negative,1:tested_negative,,0.885
634,1:tested_negative,1:tested_negative,,0.898
635,1:tested_negative,1:tested_negative,,0.861
636,2:tested_positive,1:tested_negative,+,0.575
637,1:tested_negative,1:tested_negative,,0.842
638,1:tested_negative,1:tested_negative,,0.895
639,2:tested_positive,1:tested_negative,+,0.565
640,1:tested_negative,1:tested_negative,,0.97
641,1:tested_negative,1:tested_negative,,0.916
642,1:tested_negative,1:tested_negative,,0.651
643,2:tested_positive,1:tested_negative,+,0.501
644,1:tested_negative,1:tested_negative,,0.768
645,1:tested_negative,1:tested_negative,,0.877
646,1:tested_negative,1:tested_negative,,0.504
647,2:tested_positive,1:tested_negative,+,0.632
648,2:tested_positive,2:tested_positive,,0.77
649,2:tested_positive,1:tested_negative,+,0.527
650,1:tested_negative,1:tested_negative,,0.93
651,1:tested_negative,1:tested_negative,,0.956
652,1:tested_negative,1:tested_negative,,0.769
653,1:tested_negative,1:tested_negative,,0.687
654,1:tested_negative,1:tested_negative,,0.806
655,1:tested_negative,1:tested_negative,,0.891
656,2:tested_positive,2:tested_positive,,0.511
657,1:tested_negative,1:tested_negative,,0.954
658,1:tested_negative,1:tested_negative,,0.534
659,1:tested_negative,2:tested_positive,+,0.609
660,2:tested_positive,1:tested_negative,+,0.844
661,1:tested_negative,2:tested_positive,+,0.704
662,2:tested_positive,2:tested_positive,,0.962
663,2:tested_positive,2:tested_positive,,0.724
664,2:tested_positive,2:tested_positive,,0.77
665,2:tested_positive,1:tested_negative,+,0.633
666,1:tested_negative,1:tested_negative,,0.864
667,2:tested_positive,2:tested_positive,,0.571
668,2:tested_positive,1:tested_negative,+,0.729
669,1:tested_negative,1:tested_negative,,0.75
670,1:tested_negative,2:tested_positive,+,0.64
671,1:tested_negative,2:tested_positive,+,0.8
672,1:tested_negative,1:tested_negative,,0.921
673,1:tested_negative,1:tested_negative,,0.889
674,1:tested_negative,2:tested_positive,+,0.73
675,1:tested_negative,1:tested_negative,,0.634
676,2:tested_positive,2:tested_positive,,0.859
677,2:tested_positive,2:tested_positive,,0.569
678,1:tested_negative,1:tested_negative,,0.895
679,2:tested_positive,1:tested_negative,+,0.679
680,1:tested_negative,1:tested_negative,,0.93
681,1:tested_negative,1:tested_negative,,0.985
682,2:tested_positive,2:tested_positive,,0.815
683,1:tested_negative,1:tested_negative,,0.793
684,2:tested_positive,1:tested_negative,+,0.685
685,1:tested_negative,1:tested_negative,,0.922
686,1:tested_negative,1:tested_negative,,0.716
687,1:tested_negative,1:tested_negative,,0.835
688,1:tested_negative,1:tested_negative,,0.884
689,1:tested_negative,1:tested_negative,,0.778
690,2:tested_positive,2:tested_positive,,0.655
691,1:tested_negative,1:tested_negative,,0.768
692,2:tested_positive,2:tested_positive,,0.873
693,1:tested_negative,1:tested_negative,,0.56
694,2:tested_positive,2:tested_positive,,0.617
695,1:tested_negative,1:tested_negative,,0.958
696,2:tested_positive,1:tested_negative,+,0.693
697,2:tested_positive,2:tested_positive,,0.546
698,1:tested_negative,1:tested_negative,,0.892
699,1:tested_negative,1:tested_negative,,0.672
700,1:tested_negative,2:tested_positive,+,0.632
701,1:tested_negative,1:tested_negative,,0.738
702,2:tested_positive,1:tested_negative,+,0.634
703,2:tested_positive,2:tested_positive,,0.776
704,1:tested_negative,2:tested_positive,+,0.674
705,1:tested_negative,1:tested_negative,,0.891
706,1:tested_negative,1:tested_negative,,0.851
707,2:tested_positive,1:tested_negative,+,0.92
708,1:tested_negative,1:tested_negative,,0.752
709,2:tested_positive,2:tested_positive,,0.766
710,2:tested_positive,1:tested_negative,+,0.821
711,1:tested_negative,1:tested_negative,,0.586
712,1:tested_negative,1:tested_negative,,0.677
713,2:tested_positive,2:tested_positive,,0.775
714,1:tested_negative,1:tested_negative,,0.856
715,1:tested_negative,1:tested_negative,,0.9
716,2:tested_positive,2:tested_positive,,0.905
717,2:tested_positive,2:tested_positive,,0.773
718,1:tested_negative,1:tested_negative,,0.794
719,1:tested_negative,1:tested_negative,,0.822
720,2:tested_positive,1:tested_negative,+,0.74
721,1:tested_negative,1:tested_negative,,0.937
722,1:tested_negative,1:tested_negative,,0.796
723,2:tested_positive,1:tested_negative,+,0.622
724,1:tested_negative,1:tested_negative,,0.635
725,1:tested_negative,1:tested_negative,,0.854
726,1:tested_negative,1:tested_negative,,0.66
727,1:tested_negative,1:tested_negative,,0.795
728,1:tested_negative,1:tested_negative,,0.712
729,1:tested_negative,1:tested_negative,,0.619
730,1:tested_negative,1:tested_negative,,0.921
731,2:tested_positive,1:tested_negative,+,0.772
732,2:tested_positive,1:tested_negative,+,0.773
733,2:tested_positive,2:tested_positive,,0.836
734,1:tested_negative,1:tested_negative,,0.883
735,1:tested_negative,1:tested_negative,,0.887
736,1:tested_negative,1:tested_negative,,0.816
737,1:tested_negative,1:tested_negative,,0.879
738,1:tested_negative,1:tested_negative,,0.882
739,1:tested_negative,1:tested_negative,,0.836
740,2:tested_positive,1:tested_negative,+,0.775
741,2:tested_positive,2:tested_positive,,0.769
742,1:tested_negative,1:tested_negative,,0.833
743,1:tested_negative,1:tested_negative,,0.905
744,2:tested_positive,2:tested_positive,,0.662
745,1:tested_negative,2:tested_positive,+,0.93
746,1:tested_negative,1:tested_negative,,0.689
747,2:tested_positive,2:tested_positive,,0.695
748,1:tested_negative,1:tested_negative,,0.689
749,2:tested_positive,2:tested_positive,,0.828
750,2:tested_positive,2:tested_positive,,0.574
751,2:tested_positive,2:tested_positive,,0.546
752,1:tested_negative,1:tested_negative,,0.724
753,1:tested_negative,1:tested_negative,,0.894
754,2:tested_positive,2:tested_positive,,0.666
755,2:tested_positive,2:tested_positive,,0.726
756,2:tested_positive,1:tested_negative,+,0.558
757,1:tested_negative,1:tested_negative,,0.519
758,2:tested_positive,1:tested_negative,+,0.682
759,1:tested_negative,1:tested_negative,,0.836
760,2:tested_positive,2:tested_positive,,0.902
761,1:tested_negative,1:tested_negative,,0.904
762,2:tested_positive,2:tested_positive,,0.936
763,1:tested_negative,1:tested_negative,,0.913
764,1:tested_negative,1:tested_negative,,0.683
765,1:tested_negative,1:tested_negative,,0.681
766,1:tested_negative,1:tested_negative,,0.83
767,2:tested_positive,1:tested_negative,+,0.715
768,1:tested_negative,1:tested_negative,,0.928

